,location,total_sqft,bath,price,bhk
0,Adyar,1548,3,261.0,3
1,Adyar,1652,3,278.0,3
2,Adyar,1627,3,274.0,3
3,Adyar,1381,3,210.0,3
6,Adyar,1755,3,230.0,3
7,Adyar,2380,3,321.0,3
8,Alwarpet,2348,3,517.0,3
9,Alwarpet,2476,3,545.0,3
10,Alwarpet,2781,4,612.0,4
11,Alwarpet,2713,4,597.0,4
12,Alwarpet,2291,3,481.0,3
13,Alwarpet,1989,3,417.0,3
14,Alwarpet,4302,4,903.0,4
15,Alwarpet,4302,4,903.0,4
16,Alwarpet,2315,3,416.0,3
17,Alwarpet,1850,3,323.0,3
18,Ambattur,1028,2,49.0,2
19,Ambattur,1195,3,67.0,3
20,Ambattur,601,1,33.0,1
21,Ambattur,825,2,38.0,2
22,Ambattur,1440,3,79.0,3
23,Ambattur,834,2,40.44,2
24,Ambattur,1220,2,59.17,2
25,Ambattur,1220,2,59.17,2
26,Ambattur,770,2,37.34,2
27,Ambattur,770,2,37.35,2
28,Ambattur,834,2,40.44,2
29,Ambattur,870,2,42.19,2
30,Ambattur,770,2,37.34,2
31,Ambattur,848,2,41.12,2
32,Ambattur,770,2,37.34,2
33,Ambattur,1527,3,80.0,3
34,Ambattur,1012,2,53.0,2
35,Ambattur,870,2,42.19,2
36,Ambattur,770,2,37.34,2
37,Ambattur,870,2,42.19,2
38,Ambattur,770,2,37.34,2
39,Ambattur,870,2,42.19,2
40,Ambattur,770,2,37.34,2
41,Ambattur,834,2,40.44,2
42,Ambattur,848,2,41.12,2
43,Ambattur,870,2,42.19,2
44,Ambattur,770,2,37.34,2
45,Ambattur,834,2,40.44,2
46,Anna Nagar,1500,3,240.0,3
47,Anna Nagar,1450,3,224.0,3
48,Anna Nagar,1500,3,240.0,3
49,Anna Nagar,1025,2,158.0,2
50,Anna Nagar,1565,3,242.0,3
51,Anna Nagar,1500,3,240.0,3
52,Anna Nagar,1500,3,240.0,3
53,Anna Nagar,1500,3,240.0,3
54,Anna Nagar,1235,3,191.0,3
55,Anna Nagar,1250,3,221.0,3
56,Anna Nagar,1540,3,266.0,3
57,Anna Nagar,1500,3,264.0,3
58,Anna Nagar,1500,3,220.0,3
59,Anna Nagar,1590,3,230.0,3
60,Anna Nagar,2130,3,320.0,3
61,Anna Nagar,1283,3,205.0,3
62,Ayanambakkam,1113,2,58.43,2
63,Ayanambakkam,1047,2,54.96,2
64,Ayanambakkam,1113,2,58.43,2
65,Ayanambakkam,1044,2,54.81,2
66,Ayanambakkam,1047,2,54.96,2
67,Ayanambakkam,1113,2,58.43,2
68,Ayanambakkam,1044,2,54.81,2
69,Ayanambakkam,1047,2,54.96,2
70,Ayanambakkam,1044,2,54.81,2
71,Ayanambakkam,967,2,50.76,2
72,Ayanambakkam,967,2,50.76,2
73,Ayanambakkam,1122,2,58.9,2
74,Ayanambakkam,1122,2,58.9,2
75,Ayanambakkam,1086,2,57.01,2
76,Ayanambakkam,1086,2,57.01,2
77,Chromepet,1045,2,50.76,2
78,Chromepet,866,2,33.77,2
79,Chromepet,770,2,37.4,2
80,Chromepet,638,2,30.99,2
81,Chromepet,1245,3,59.22,3
82,Chromepet,895,2,43.47,2
83,Chromepet,1294,3,61.55,3
84,Chromepet,1226,3,58.32,3
85,Chromepet,1025,2,49.79,2
86,Chromepet,964,2,46.83,2
87,Chromepet,1237,3,58.84,3
88,Chromepet,1470,3,69.92,3
89,Chromepet,919,2,44.64,2
90,Chromepet,1343,3,63.88,3
91,Chromepet,1277,3,60.74,3
92,Chromepet,918,2,44.59,2
93,Chromepet,945,2,45.9,2
94,Chromepet,646,2,31.38,2
95,Chromepet,1261,3,59.98,3
96,Chromepet,1329,3,63.22,3
97,Chromepet,1198,3,56.98,3
98,Chromepet,981,2,47.65,2
102,Chromepet,645,2,25.15,2
104,Chromepet,639,2,24.92,2
105,Chromepet,901,2,35.13,2
106,Chromepet,637,2,24.84,2
108,Chromepet,709,2,27.65,2
109,Chromepet,642,2,25.03,2
111,Chromepet,630,2,24.57,2
112,Chromepet,629,2,24.53,2
113,Chromepet,628,2,24.49,2
116,Chromepet,633,2,24.68,2
117,Chromepet,622,2,24.25,2
118,Chromepet,626,2,24.41,2
119,Chromepet,877,2,34.2,2
120,Chromepet,616,2,24.02,2
121,Chromepet,880,2,34.32,2
122,Chromepet,879,2,34.28,2
123,Chromepet,690,2,30.0,2
124,Chromepet,1450,2,82.0,2
125,Chromepet,1943,3,110.0,3
126,Chromepet,1783,3,95.0,3
127,Chromepet,1225,3,60.02,3
128,Chromepet,1094,3,53.6,3
129,Chromepet,910,2,44.59,2
130,Chromepet,820,2,40.18,2
131,Chromepet,505,1,24.47,1
132,Chromepet,1404,3,81.43,3
133,Chromepet,1258,3,72.96,3
134,Chromepet,1183,3,59.15,3
135,Chromepet,996,2,57.76,2
136,Chromepet,943,2,47.15,2
137,Chromepet,900,2,52.2,2
138,Chromepet,861,2,43.05,2
139,Chromepet,500,1,25.0,1
140,Chromepet,1300,3,78.0,3
141,Chromepet,1143,3,68.58,3
142,Chromepet,969,2,58.14,2
143,Chromepet,785,2,47.1,2
144,Chromepet,1050,2,50.0,2
145,East Tambaram,669,2,45.79,2
146,East Tambaram,1004,2,71.28,2
147,East Tambaram,1020,2,72.42,2
150,East Tambaram,1096,2,77.81,2
152,East Tambaram,1035,2,73.48,2
153,East Tambaram,1045,2,80.09,2
154,East Tambaram,640,1,47.19,1
155,East Tambaram,1075,2,82.21,2
156,East Tambaram,890,2,69.1,2
157,East Tambaram,1115,2,85.05,2
158,East Tambaram,965,2,74.42,2
159,East Tambaram,1000,2,76.9,2
160,East Tambaram,806,2,54.52,2
161,East Tambaram,734,2,49.77,2
162,East Tambaram,882,2,59.4,2
163,East Tambaram,1106,3,87.27,3
164,East Tambaram,1360,4,105.0,4
165,East Tambaram,893,2,71.68,2
166,East Tambaram,876,2,70.44,2
167,East Tambaram,1000,2,79.72,2
168,East Tambaram,972,2,75.04,2
169,East Tambaram,730,2,57.35,2
170,East Tambaram,811,2,63.27,2
171,East Tambaram,1171,2,93.27,2
172,East Tambaram,750,2,58.82,2
174,East Tambaram,1172,2,79.69,2
176,East Tambaram,1222,2,83.09,2
177,Gerugambakkam,1305,3,67.87,3
178,Gerugambakkam,1480,3,76.2,3
179,Gerugambakkam,1005,2,53.07,2
180,Gerugambakkam,1069,2,56.64,2
181,Gerugambakkam,950,2,45.0,2
182,Gerugambakkam,730,2,37.0,2
183,Gerugambakkam,1100,2,58.58,2
184,Gerugambakkam,1015,2,54.22,2
185,Gerugambakkam,878,2,44.19,2
186,Gerugambakkam,790,2,39.73,2
187,Gerugambakkam,790,2,37.8,2
188,Gowrivakkam,1270,3,85.25,3
189,Gowrivakkam,574,1,37.0,1
190,Gowrivakkam,1002,2,65.0,2
191,Gowrivakkam,1337,3,85.0,3
192,Guduvancheri,1176,2,45.0,2
193,Guduvancheri,1100,2,48.5,2
194,Guduvancheri,1112,2,45.0,2
195,Guduvancheri,1100,2,49.0,2
196,Guduvancheri,956,1,34.0,1
197,Guduvancheri,1200,2,49.0,2
198,Guduvancheri,1200,2,49.0,2
199,Guduvancheri,480,1,16.0,1
200,Guindy,625,2,38.0,2
201,Guindy,625,2,38.0,2
202,Guindy,625,2,38.0,2
203,Guindy,625,2,38.0,2
204,Guindy,625,2,38.0,2
205,Guindy,625,2,38.0,2
206,Guindy,2000,3,260.0,3
207,Guindy,2000,3,260.0,3
208,Iyappanthangal,1740,3,118.0,3
209,Iyappanthangal,1645,3,111.0,3
210,Iyappanthangal,1790,3,121.0,3
211,Iyappanthangal,1760,3,119.0,3
212,Iyappanthangal,1700,3,115.0,3
213,Iyappanthangal,1730,3,117.0,3
214,Iyappanthangal,1800,3,130.0,3
215,Iyappanthangal,1938,3,139.0,3
216,Iyappanthangal,1990,3,143.0,3
217,Iyappanthangal,1825,3,131.0,3
218,Iyyappanthangal,940,2,46.06,2
219,Iyyappanthangal,1025,2,50.22,2
220,Iyyappanthangal,890,2,43.61,2
221,Iyyappanthangal,815,2,39.93,2
222,Iyyappanthangal,1030,2,50.47,2
223,Iyyappanthangal,1030,2,50.47,2
224,Iyyappanthangal,862,2,42.23,2
226,Iyyappanthangal,942,2,53.0,2
227,Iyyappanthangal,942,2,53.0,2
228,Iyyappanthangal,942,2,53.0,2
229,Iyyappanthangal,942,2,53.0,2
230,Iyyappanthangal,942,2,53.0,2
231,Iyyappanthangal,942,2,53.0,2
232,Iyyappanthangal,942,2,53.0,2
233,Iyyappanthangal,942,2,53.0,2
234,Iyyappanthangal,942,2,53.0,2
235,Iyyappanthangal,2350,4,125.0,4
236,Iyyappanthangal,2350,4,125.0,4
237,Iyyappanthangal,2350,4,125.0,4
238,Iyyappanthangal,2350,4,125.0,4
239,Iyyappanthangal,942,2,53.0,2
240,Iyyappanthangal,942,2,53.0,2
241,Iyyappanthangal,942,2,53.0,2
242,Iyyappanthangal,942,2,53.0,2
243,Iyyappanthangal,942,2,53.0,2
244,Iyyappanthangal,942,2,53.0,2
245,Iyyappanthangal,942,2,53.0,2
246,Iyyappanthangal,942,2,53.0,2
247,Iyyappanthangal,942,2,53.0,2
249,Karapakkam,538,1,33.77,1
251,Karapakkam,1027,2,66.7,2
253,Karapakkam,1024,2,66.5,2
254,Karapakkam,2686,4,174.0,4
262,Karapakkam,2640,4,171.0,4
263,Karapakkam,549,1,34.46,1
267,Karapakkam,1024,2,68.0,2
268,Karapakkam,2616,4,170.0,4
269,Karapakkam,1024,2,68.0,2
270,Karapakkam,1564,2,95.0,2
271,Karapakkam,1024,2,70.0,2
272,Kelambakkam,1002,2,33.05,2
274,Kelambakkam,1243,2,41.0,2
275,Kelambakkam,1241,2,40.94,2
276,Kelambakkam,1000,2,32.99,2
277,Kelambakkam,696,1,22.96,1
278,Kelambakkam,1121,2,36.98,2
279,Kelambakkam,633,1,20.88,1
281,Kelambakkam,1114,2,36.75,2
283,Kelambakkam,1094,2,36.09,2
285,Kelambakkam,997,2,32.89,2
286,Kelambakkam,986,2,32.52,2
287,Kelambakkam,916,2,30.21,2
288,Kelambakkam,811,1,26.75,1
290,Kelambakkam,978,2,32.26,2
292,Kelambakkam,975,2,32.16,2
293,Kelambakkam,782,1,25.79,1
294,Kelambakkam,982,2,32.39,2
295,Kelambakkam,980,2,32.33,2
296,Kelambakkam,779,1,25.69,1
297,Kelambakkam,1043,2,34.4,2
298,Kelambakkam,1053,2,34.73,2
299,Kelambakkam,971,2,32.03,2
300,Kelambakkam,965,2,31.83,2
301,Kelambakkam,808,1,26.65,1
302,Kelambakkam,951,2,31.37,2
303,Kelambakkam,885,2,29.19,2
304,Kelambakkam,753,1,24.84,1
306,Kelambakkam,1010,2,33.31,2
307,Kelambakkam,944,2,31.14,2
308,Kelambakkam,811,2,26.75,2
309,Kelambakkam,1009,2,33.28,2
310,Kelambakkam,942,2,31.07,2
311,Kelambakkam,1124,2,37.08,2
312,Kelambakkam,948,2,31.27,2
314,Kelambakkam,1013,2,33.41,2
315,Kelambakkam,840,2,35.0,2
316,Kelambakkam,1737,3,73.0,3
317,Kelambakkam,1250,1,41.0,1
318,Kelambakkam,1270,2,48.0,2
320,Kelambakkam,1400,3,58.0,3
321,Kelambakkam,1250,2,57.0,2
322,Kelambakkam,1550,2,53.0,2
323,Kelambakkam,1350,2,52.0,2
324,Kelambakkam,1262,3,46.0,3
325,Kelambakkam,571,2,26.0,2
326,Kelambakkam,994,2,35.0,2
327,Kelambakkam,1050,2,36.21,2
328,Kelambakkam,994,2,34.28,2
329,Kelambakkam,1262,3,43.52,3
330,Kelambakkam,1335,3,46.04,3
331,Kelambakkam,1791,3,75.0,3
332,Kolapakkam,1508,3,90.46,3
333,Kolapakkam,1745,3,104.0,3
334,Kolapakkam,1745,3,104.0,3
335,Kolapakkam,2185,4,131.0,4
336,Kolapakkam,1550,3,92.98,3
337,Kolapakkam,1520,2,91.18,2
338,Kolapakkam,3024,5,181.0,5
339,Kolapakkam,3024,5,181.0,5
340,Kolapakkam,1617,2,97.0,2
341,Kolapakkam,1617,2,97.0,2
342,Kolapakkam,1338,2,80.26,2
343,Kolapakkam,1338,2,80.26,2
344,Kolapakkam,1520,2,91.18,2
345,Kolapakkam,3024,5,181.0,5
346,Kolapakkam,3024,5,181.0,5
347,Kolapakkam,1617,2,97.0,2
348,Kolapakkam,1617,2,97.0,2
349,Kolapakkam,1338,2,80.26,2
350,Kolapakkam,1338,2,80.26,2
353,Kolapakkam,825,2,40.42,2
354,Kolapakkam,860,2,42.14,2
356,Kolapakkam,1148,2,70.0,2
357,Kolathur,893,2,54.0,2
358,Kolathur,2700,4,160.0,4
359,Kolathur,986,2,55.21,2
360,Kolathur,986,2,55.21,2
361,Kolathur,2200,6,140.0,6
362,Kolathur,1409,3,91.58,3
363,Kolathur,983,2,63.89,2
364,Kolathur,1051,2,68.31,2
365,Kolathur,1021,2,66.36,2
366,Kolathur,994,2,64.61,2
367,Kolathur,1010,2,65.65,2
368,Kolathur,1265,3,82.22,3
369,Kolathur,1069,2,69.48,2
370,Kolathur,963,2,62.59,2
371,Kolathur,1469,3,95.48,3
372,Kolathur,984,2,63.96,2
373,Kolathur,1080,2,68.5,2
374,Kolathur,1080,2,68.5,2
375,Kolathur,1080,2,68.5,2
376,Kolathur,1080,2,68.5,2
377,Kolathur,1080,2,68.5,2
378,Kolathur,1080,2,68.5,2
379,Kolathur,1080,2,68.5,2
380,Kolathur,1080,2,68.5,2
381,Kolathur,1080,2,68.5,2
382,Kolathur,1080,2,68.5,2
383,Kolathur,1080,2,68.5,2
384,Kolathur,1080,2,68.5,2
385,Kolathur,1100,3,71.0,3
386,Kolathur,1100,3,72.0,3
387,Kotturpuram,1571,3,279.0,3
388,Kotturpuram,1245,2,221.0,2
389,Kotturpuram,1976,3,348.0,3
390,Kotturpuram,1842,3,325.0,3
391,Kotturpuram,1979,3,348.0,3
392,Kotturpuram,1313,2,233.0,2
393,Kotturpuram,1951,3,342.0,3
394,Kotturpuram,1894,3,334.0,3
395,Kotturpuram,1233,2,219.0,2
396,Kotturpuram,1877,3,332.0,3
397,Kotturpuram,1874,3,331.0,3
398,Kotturpuram,1987,3,350.0,3
399,Kovur,1020,2,54.75,2
400,Kovur,819,2,38.58,2
401,Kovur,815,2,38.23,2
402,Kovur,874,2,41.0,2
403,Kovur,799,2,38.53,2
404,Kovur,1000,2,54.0,2
405,Kovur,1000,2,55.0,2
406,Kovur,938,2,44.0,2
407,Kovur,710,1,36.42,1
408,Kovur,1020,2,55.0,2
409,Kovur,914,2,46.0,2
410,Kovur,1400,3,73.0,3
411,Koyambedu,1373,3,89.23,3
413,Koyambedu,1487,3,96.64,3
414,Koyambedu,1182,2,76.81,2
415,Koyambedu,1025,2,66.61,2
416,Koyambedu,1494,3,97.09,3
417,Koyambedu,1033,2,67.13,2
419,Koyambedu,1088,2,70.7,2
420,Koyambedu,1285,2,83.51,2
421,Koyambedu,1130,2,73.43,2
422,Koyambedu,1387,3,90.14,3
423,Koyambedu,1127,2,73.24,2
425,Koyambedu,1467,3,95.34,3
426,Koyambedu,1131,2,73.5,2
427,Kundrathur,853,2,40.09,2
428,Kundrathur,819,2,38.49,2
429,Kundrathur,825,2,38.77,2
430,Kundrathur,824,2,38.72,2
431,Kundrathur,1576,3,80.37,3
432,Kundrathur,1547,3,78.89,3
433,Kundrathur,1582,3,80.68,3
434,Kundrathur,1390,3,70.89,3
435,Kundrathur,1454,3,74.15,3
436,Kundrathur,1391,3,70.94,3
437,Kundrathur,1562,3,79.66,3
438,Kundrathur,845,2,37.5,2
439,Kundrathur,800,2,46.0,2
440,Madambakkam,1300,3,74.0,3
441,Madambakkam,1200,2,69.0,2
443,Madambakkam,1683,3,85.0,3
444,Madambakkam,1561,3,80.0,3
445,Madambakkam,1483,3,77.0,3
446,Madambakkam,1900,3,91.2,3
447,Madambakkam,1631,3,78.28,3
448,Madambakkam,1488,3,71.42,3
449,Madambakkam,1399,3,67.15,3
450,Madambakkam,1017,2,48.81,2
451,Madambakkam,990,2,47.52,2
452,Madambakkam,1238,3,65.61,3
453,Madambakkam,1167,3,61.85,3
454,Madambakkam,921,2,48.81,2
455,Madambakkam,880,2,46.64,2
456,Madhavaram,1310,3,64.17,3
457,Madhavaram,1561,3,76.47,3
458,Madhavaram,1668,3,81.71,3
459,Madhavaram,1053,2,51.58,2
460,Madhavaram,992,2,48.59,2
461,Madhavaram,1293,3,63.34,3
462,Madhavaram,1561,3,76.47,3
463,Madhavaram,1303,3,63.83,3
464,Madhavaram,1172,2,57.41,2
465,Madhavaram,995,2,48.74,2
466,Madhavaram,1272,3,62.31,3
467,Madhavaram,1674,3,82.0,3
468,Madhavaram,1280,3,62.7,3
469,Madhavaram,1522,3,74.56,3
470,Madhavaram,1310,3,64.17,3
471,Madhavaram,1422,3,69.66,3
472,Madhavaram,994,2,48.69,2
473,Madhavaram,1422,3,69.66,3
474,Madhavaram,994,2,48.69,2
475,Madhavaram,992,2,48.59,2
476,Madhavaram,1293,3,63.34,3
477,Madhavaram,1303,3,63.83,3
478,Madhavaram,1172,2,57.41,2
479,Madhavaram,995,2,48.74,2
480,Madhavaram,1272,3,62.31,3
481,Madhavaram,1280,3,62.7,3
482,Madhavaram,1286,3,63.0,3
483,Madhavaram,1009,2,49.43,2
484,Madhavaram,1046,2,51.24,2
485,Madhavaram,1046,2,51.24,2
486,Madhavaram,1569,3,76.86,3
487,Madhavaram,1569,3,76.86,3
488,Madhavaram,1046,2,51.24,2
489,Madhavaram,1046,2,51.24,2
490,Madhavaram,1569,3,76.86,3
491,Madhavaram,1569,3,76.86,3
492,Madhavaram,1310,3,64.17,3
493,Madhavaram,1310,3,64.17,3
494,Madhavaram,1056,2,51.73,2
495,Madhavaram,1056,2,51.73,2
496,Madhavaram,1053,2,51.58,2
497,Madhavaram,1053,2,51.58,2
498,Madhavaram,1422,3,69.66,3
499,Madhavaram,1422,3,69.66,3
500,Madhavaram,994,2,48.69,2
501,Madhavaram,994,2,48.69,2
502,Madhavaram,992,2,48.59,2
503,Madhavaram,992,2,48.59,2
504,Madhavaram,1293,3,63.34,3
505,Madhavaram,1293,3,63.34,3
506,Madhavaram,1561,3,76.47,3
507,Madhavaram,1561,3,76.47,3
508,Madhavaram,1303,3,63.83,3
509,Madhavaram,1303,3,63.83,3
510,Madhavaram,1172,2,57.41,2
511,Madhavaram,1172,2,57.41,2
512,Madhavaram,995,2,48.74,2
513,Madhavaram,995,2,48.74,2
514,Madhavaram,1668,3,81.71,3
515,Madhavaram,1668,3,81.71,3
516,Madhavaram,1470,3,72.01,3
517,Madhavaram,1470,3,72.01,3
518,Madhavaram,1272,3,62.31,3
519,Madhavaram,1272,3,62.31,3
520,Madhavaram,1674,3,82.0,3
521,Madhavaram,1674,3,82.0,3
522,Madhavaram,1542,3,75.54,3
523,Madhavaram,1542,3,75.54,3
524,Madhavaram,1280,3,62.7,3
525,Madhavaram,1280,3,62.7,3
526,Madhavaram,1286,3,63.0,3
527,Madhavaram,1286,3,63.0,3
528,Madhavaram,1522,3,74.56,3
529,Madhavaram,1522,3,74.56,3
530,Madhavaram,1009,2,49.43,2
531,Madhavaram,1009,2,49.43,2
532,Madhavaram,820,2,39.5,2
533,Madhavaram,820,2,39.5,2
534,Madipakkam,1242,2,80.73,2
535,Madipakkam,1208,2,80.32,2
539,Madipakkam,1223,2,79.49,2
540,Madipakkam,1296,2,84.24,2
545,Madipakkam,1220,2,79.3,2
548,Madipakkam,1213,2,78.84,2
549,Madipakkam,1194,2,77.61,2
551,Madipakkam,1255,2,81.57,2
552,Madipakkam,1269,2,82.48,2
557,Madipakkam,1089,2,72.63,2
558,Madipakkam,1114,2,74.25,2
563,Madipakkam,919,2,65.0,2
565,Madipakkam,740,2,51.06,2
566,Madipakkam,965,1,58.38,1
567,Medavakkam,1310,3,72.05,3
568,Medavakkam,939,2,51.64,2
569,Medavakkam,1083,2,59.56,2
570,Medavakkam,938,2,51.59,2
571,Medavakkam,975,2,53.62,2
572,Medavakkam,1590,3,87.45,3
573,Medavakkam,974,2,53.57,2
574,Medavakkam,1595,3,87.72,3
575,Medavakkam,1015,2,55.82,2
576,Medavakkam,1467,3,80.68,3
577,Medavakkam,985,2,57.12,2
578,Medavakkam,990,2,57.41,2
579,Medavakkam,1085,2,62.91,2
580,Medavakkam,970,2,56.25,2
581,Medavakkam,980,2,56.83,2
582,Medavakkam,1000,2,49.5,2
583,Medavakkam,1851,3,110.0,3
584,Medavakkam,1000,2,50.0,2
585,Medavakkam,750,2,35.0,2
586,Medavakkam,750,2,35.0,2
587,Medavakkam,750,2,35.0,2
588,Medavakkam,750,2,35.0,2
589,Medavakkam,750,2,35.0,2
590,Medavakkam,750,2,35.0,2
591,Medavakkam,750,2,35.0,2
592,Medavakkam,750,2,35.0,2
593,Medavakkam,750,2,35.0,2
594,Medavakkam,750,2,35.0,2
595,Medavakkam,750,2,35.0,2
596,Medavakkam,750,2,35.0,2
598,Medavakkam,931,2,48.41,2
599,Medavakkam,1300,3,78.0,3
600,Medavakkam,983,2,54.06,2
601,Medavakkam,861,2,47.35,2
602,Medavakkam,971,2,58.26,2
603,Medavakkam,1261,3,69.35,3
604,Medavakkam,1261,3,69.35,3
605,Medavakkam,1019,2,56.04,2
606,Medavakkam,971,2,58.26,2
607,Medavakkam,1300,3,78.0,3
608,Medavakkam,983,2,54.06,2
609,Medavakkam,861,2,47.35,2
610,Medavakkam,600,1,31.2,1
611,Medavakkam,1148,3,68.88,3
612,Medavakkam,896,2,53.76,2
614,Medavakkam,999,2,51.94,2
615,Medavakkam,1322,3,72.71,3
616,Medavakkam,840,2,43.68,2
618,Medavakkam,1254,2,64.0,2
619,Medavakkam,1427,3,85.62,3
620,Medavakkam,1317,3,79.02,3
621,Medavakkam,1254,3,75.24,3
622,Medavakkam,1116,3,66.96,3
623,Medavakkam,1000,2,60.0,2
624,Medavakkam,886,2,53.16,2
625,Medavakkam,751,2,45.06,2
626,Medavakkam,1045,2,61.64,2
627,Medavakkam,1280,3,75.5,3
628,Mogappair,2225,3,151.0,3
629,Mogappair,1974,3,134.0,3
630,Mogappair,2433,4,165.0,4
631,Mogappair,2495,4,169.0,4
632,Mogappair,1962,3,133.0,3
633,Mogappair,2211,4,138.0,4
634,Mogappair,1668,3,97.57,3
635,Mogappair,1470,3,85.99,3
636,Mogappair,1342,2,83.86,2
637,Mogappair,1947,3,121.0,3
638,Mogappair,1051,2,61.48,2
639,Mogappair,1849,3,115.0,3
640,Mogappair,2228,4,139.0,4
641,Mogappair,1363,2,85.17,2
642,Mogappair,1197,2,70.02,2
643,Mogappair,1499,3,70.0,3
644,Mogappair,1069,2,71.51,2
646,Mugalivakkam,1078,2,59.29,2
647,Mugalivakkam,1076,2,59.18,2
651,Mugalivakkam,1086,2,59.73,2
652,Mugalivakkam,1052,2,57.86,2
653,Mugalivakkam,1588,3,87.34,3
654,Mugalivakkam,1138,2,62.59,2
655,Mugalivakkam,1164,2,64.02,2
656,Nanmangalam,500,1,23.0,1
657,Nanmangalam,961,2,47.08,2
658,Nanmangalam,788,2,38.61,2
659,Nanmangalam,980,2,45.08,2
660,Nanmangalam,834,2,38.36,2
661,Nanmangalam,795,2,36.57,2
662,Nanmangalam,1000,2,49.0,2
663,Nanmangalam,888,2,43.51,2
664,Nanmangalam,839,2,41.11,2
666,Nanmangalam,1200,3,58.8,3
667,Nanmangalam,1000,2,49.0,2
668,Nanmangalam,888,2,43.51,2
671,Nanmangalam,950,2,45.6,2
672,Nanmangalam,840,2,40.32,2
673,Nanmangalam,785,2,37.68,2
674,Nanmangalam,700,2,33.6,2
675,Navallur,2343,4,113.0,4
676,Navallur,2323,4,112.0,4
677,Navallur,1579,3,71.05,3
678,Navallur,2388,4,115.0,4
679,Navallur,1578,3,71.01,3
680,Navallur,1386,3,62.37,3
681,Navallur,1567,3,70.51,3
682,Navallur,1560,2,77.0,2
683,Navallur,1110,2,49.0,2
684,Navallur,979,2,42.0,2
685,Navallur,762,2,42.0,2
686,Padur,1152,2,50.21,2
687,Padur,1152,2,50.21,2
688,Padur,1149,2,50.08,2
689,Padur,1149,2,50.08,2
690,Padur,1147,2,49.99,2
691,Padur,1147,2,49.99,2
692,Padur,1361,2,59.33,2
693,Padur,1361,2,59.33,2
694,Padur,1295,2,56.46,2
695,Padur,1295,2,56.46,2
696,Padur,1261,2,54.96,2
697,Padur,1261,2,54.96,2
698,Padur,1357,2,59.16,2
699,Padur,1357,2,59.16,2
700,Padur,1267,2,55.24,2
701,Padur,1267,2,55.24,2
702,Padur,1265,2,55.14,2
703,Padur,1265,2,55.14,2
704,Padur,1263,2,55.05,2
705,Padur,1263,2,55.05,2
706,Pallavaram,588,2,42.28,2
707,Pallavaram,588,2,42.28,2
708,Pallavaram,1021,2,71.08,2
710,Pallavaram,1085,2,73.82,2
711,Pallavaram,588,2,42.28,2
712,Pallavaram,1085,2,73.82,2
713,Pallavaram,1085,2,73.82,2
714,Pallavaram,588,2,42.28,2
715,Pallavaram,588,2,42.28,2
716,Pallavaram,1085,2,73.82,2
717,Pallavaram,1085,2,73.82,2
718,Pallavaram,1021,2,71.08,2
719,Pallavaram,1021,2,71.08,2
720,Pallavaram,1564,3,108.0,3
721,Pallavaram,1564,3,108.0,3
724,Pallavaram,837,2,54.03,2
725,Pallavaram,861,2,54.39,2
726,Pallavaram,777,2,49.44,2
727,Pallavaram,783,2,52.42,2
728,Pallavaram,864,2,54.57,2
729,Pallavaram,1350,3,99.9,3
730,Pallavaram,1122,2,81.4,2
731,Pallavaram,1350,3,99.9,3
732,Pallavaram,1122,2,81.4,2
733,Pallavaram,1600,3,118.0,3
734,Pallavaram,1122,2,81.4,2
735,Pallavaram,1600,3,118.0,3
736,Pallavaram,588,2,40.0,2
737,Pallavaram,1300,2,85.0,2
738,Pammal,919,2,51.46,2
739,Pammal,919,2,51.46,2
740,Pammal,1155,3,66.99,3
741,Pammal,860,2,49.88,2
742,Pammal,795,2,46.11,2
743,Pammal,873,2,48.88,2
744,Pammal,1330,3,74.48,3
745,Pammal,1330,3,74.48,3
746,Pammal,1132,3,63.39,3
747,Pammal,1132,3,63.39,3
748,Pammal,1301,3,72.85,3
749,Pammal,1301,3,72.85,3
750,Pammal,1155,3,66.99,3
751,Pammal,795,2,46.11,2
752,Pammal,860,2,49.88,2
753,Pammal,1155,3,66.99,3
754,Pammal,795,2,46.11,2
755,Pammal,1155,3,66.99,3
756,Pammal,860,2,49.88,2
757,Pammal,795,2,46.11,2
758,Pammal,1166,3,67.62,3
759,Pammal,860,2,49.88,2
760,Pammal,1166,3,67.62,3
761,Pammal,1044,3,60.55,3
762,Pammal,1044,3,60.55,3
763,Pammal,729,2,42.28,2
764,Pammal,1044,3,60.55,3
765,Pammal,729,2,42.28,2
766,Pammal,729,2,42.28,2
767,Pammal,1328,3,77.02,3
768,Pammal,1328,3,77.02,3
769,Pammal,993,3,57.59,3
770,Pammal,993,3,57.59,3
771,Pammal,1067,3,61.88,3
772,Pammal,1067,3,61.88,3
773,Pammal,815,2,47.27,2
774,Pammal,815,2,47.27,2
776,Pammal,743,2,40.59,2
777,Pammal,430,1,22.99,1
778,Pammal,830,2,45.03,2
779,Pammal,652,2,35.32,2
780,Pammal,652,2,35.32,2
781,Pammal,1216,3,66.05,3
782,Pammal,1216,3,66.05,3
783,Pammal,791,2,42.3,2
784,Pammal,791,2,42.3,2
785,Pammal,729,2,39.19,2
786,Pammal,729,2,39.19,2
787,Pammal,976,2,53.54,2
788,Pammal,976,2,53.54,2
789,Pammal,859,2,45.72,2
790,Pammal,859,2,45.72,2
791,Pammal,546,1,28.43,1
792,Pammal,546,1,28.43,1
793,Pammal,813,2,43.41,2
794,Pammal,813,2,43.41,2
795,Pammal,952,2,52.36,2
796,Pammal,718,2,39.49,2
797,Pammal,652,2,35.86,2
798,Pammal,1220,3,67.1,3
799,Pammal,800,2,44.0,2
800,Pammal,1050,2,56.02,2
802,Pammal,1049,2,55.97,2
805,Pammal,1170,3,62.14,3
806,Pammal,803,2,44.16,2
807,Pammal,756,1,41.58,1
808,Pammal,582,1,32.01,1
811,Pammal,535,1,25.68,1
835,Pammal,1700,3,90.0,3
836,Pammal,1300,3,72.0,3
837,Pammal,1700,3,90.0,3
838,Perumbakkam,910,2,40.75,2
839,Perumbakkam,920,2,47.04,2
840,Perumbakkam,1240,2,57.0,2
842,Perumbakkam,1360,3,62.6,3
843,Perumbakkam,1962,3,90.29,3
845,Perumbakkam,885,2,39.75,2
847,Perumbakkam,1315,2,56.98,2
848,Perumbakkam,1080,2,47.68,2
849,Perumbakkam,973,2,51.44,2
850,Perumbakkam,1244,3,64.59,3
851,Perumbakkam,1143,3,59.08,3
852,Perumbakkam,1244,3,64.59,3
853,Perumbakkam,1244,3,64.59,3
854,Perumbakkam,1143,3,59.08,3
855,Perumbakkam,1143,3,59.08,3
856,Perumbakkam,1150,3,59.41,3
857,Perumbakkam,1150,3,59.41,3
858,Perumbakkam,1246,3,64.02,3
859,Perumbakkam,1246,3,64.02,3
860,Perumbakkam,1124,3,58.77,3
861,Perumbakkam,1124,3,58.77,3
862,Perumbakkam,909,2,45.0,2
863,Perumbakkam,1045,2,41.78,2
866,Perumbakkam,1055,2,42.18,2
870,Perumbakkam,1375,2,54.98,2
871,Perumbakkam,1015,2,40.58,2
872,Perumbakkam,1340,2,53.58,2
873,Perumbakkam,1238,3,64.0,3
874,Perumbakkam,865,2,41.52,2
875,Perumbakkam,885,2,39.75,2
877,Perumbakkam,788,2,39.4,2
878,Perumbakkam,1091,3,54.55,3
879,Perumbakkam,977,2,48.85,2
880,Perumbakkam,1400,3,70.6,3
881,Perumbakkam,863,2,43.15,2
882,Perumbakkam,1900,3,95.0,3
883,Perumbakkam,1800,3,85.0,3
884,Perungalathur,903,2,37.7,2
885,Perungalathur,1054,2,44.0,2
886,Perungalathur,971,2,40.53,2
888,Perungalathur,795,2,33.19,2
889,Perungalathur,1156,2,48.26,2
890,Perungalathur,865,2,36.11,2
891,Perungalathur,896,2,37.4,2
892,Perungalathur,953,2,39.78,2
893,Perungalathur,786,2,32.81,2
895,Perungalathur,884,2,36.9,2
896,Perungalathur,857,2,35.77,2
897,Perungalathur,789,2,32.94,2
898,Perungalathur,784,2,32.73,2
899,Perungalathur,783,2,32.69,2
901,Perungalathur,813,2,33.94,2
902,Perungalathur,502,1,28.0,1
903,Perungalathur,1900,3,96.0,3
905,Perungalathur,1400,3,77.0,3
906,Perungalathur,1250,3,65.0,3
907,Perungalathur,1400,3,77.0,3
908,Perungalathur,1030,3,62.0,3
909,Perungalathur,1030,3,62.0,3
910,Perungalathur,1030,3,62.0,3
911,Perungalathur,1030,3,62.0,3
912,Perungalathur,1030,3,62.0,3
913,Perungalathur,1030,3,62.0,3
914,Perungalathur,1030,3,62.0,3
915,Perungalathur,1030,3,62.0,3
916,Perungalathur,1030,3,62.0,3
917,Perungalathur,1030,3,62.0,3
918,Perungalathur,1030,3,62.0,3
919,Perungalathur,1030,3,62.0,3
920,Perungalathur,1030,3,62.0,3
921,Perungalathur,1030,3,62.0,3
922,Perungalathur,1030,3,62.0,3
923,Perungalathur,1030,3,62.0,3
924,Perungalathur,1030,3,62.0,3
925,Perungalathur,1030,3,58.0,3
926,Perungalathur,580,2,33.0,2
927,Perungalathur,1200,3,69.6,3
928,Perungalathur,1040,2,60.32,2
929,Perungalathur,934,2,54.17,2
930,Perungalathur,889,2,51.56,2
931,Perungalathur,974,2,53.0,2
932,Perungalathur,1366,3,66.0,3
933,Perungudi,1556,2,131.0,2
934,Perungudi,2550,3,251.0,3
935,Perungudi,2288,3,226.0,3
936,Perungudi,3096,4,306.0,4
937,Perungudi,2256,3,223.0,3
940,Perungudi,1477,2,124.0,2
942,Perungudi,1343,2,113.0,2
944,Perungudi,3252,4,321.0,4
952,Perungudi,1311,2,111.0,2
953,Perungudi,1561,2,131.0,2
954,Perungudi,2429,3,240.0,3
955,Perungudi,1317,2,110.0,2
956,Perungudi,1313,2,111.0,2
958,Perungudi,1583,2,134.0,2
959,Perungudi,1577,2,133.0,2
960,Perungudi,1580,2,133.0,2
961,Perungudi,2398,3,236.0,3
962,Perungudi,3210,4,316.0,4
967,Perungudi,1394,2,118.0,2
968,Perungudi,1392,2,117.0,2
971,Perungudi,1398,2,118.0,2
973,Perungudi,1485,3,137.0,3
975,Perungudi,1188,2,101.0,2
976,Perungudi,598,1,51.37,1
977,Perungudi,1380,3,138.0,3
978,Perungudi,1200,3,120.0,3
979,Perungudi,1200,3,120.0,3
980,Perungudi,1308,3,130.0,3
981,Perungudi,1250,3,125.0,3
982,Perungudi,1044,2,104.0,2
983,Perungudi,1060,2,106.0,2
984,Perungudi,1062,2,106.0,2
985,Perungudi,1370,3,137.0,3
986,Perungudi,1264,3,126.0,3
987,Perungudi,1065,2,106.0,2
988,Perungudi,1060,2,106.0,2
989,Perungudi,1370,3,137.0,3
990,Perungudi,1308,3,130.0,3
991,Perungudi,1308,3,130.0,3
992,Perungudi,1200,3,120.0,3
993,Perungudi,1044,2,104.0,2
994,Perungudi,1200,3,120.0,3
995,Perungudi,1380,3,138.0,3
996,Perungudi,1264,3,126.0,3
997,Perungudi,1250,3,125.0,3
998,Perungudi,1250,3,125.0,3
999,Perungudi,1370,3,137.0,3
1000,Perungudi,1380,3,138.0,3
1001,Perungudi,1308,3,130.0,3
1002,Poonamallee,1637,3,88.39,3
1003,Poonamallee,1473,3,79.54,3
1004,Poonamallee,1002,2,54.1,2
1005,Poonamallee,1418,3,76.57,3
1006,Poonamallee,1473,3,79.54,3
1007,Poonamallee,1002,2,54.1,2
1008,Poonamallee,1418,3,76.57,3
1009,Poonamallee,971,2,52.43,2
1010,Poonamallee,1420,3,76.68,3
1011,Poonamallee,998,2,53.89,2
1012,Poonamallee,997,2,53.83,2
1013,Poonamallee,1634,3,88.23,3
1014,Poonamallee,997,2,53.83,2
1017,Porur,965,2,69.47,2
1018,Porur,1212,2,78.71,2
1019,Porur,923,2,66.44,2
1020,Porur,1287,3,92.65,3
1021,Porur,1085,3,78.1,3
1022,Porur,1027,2,73.93,2
1023,Porur,971,2,69.9,2
1024,Porur,966,2,69.54,2
1026,Porur,956,2,62.09,2
1028,Porur,1248,2,81.05,2
1029,Porur,945,2,61.37,2
1030,Porur,1093,2,70.99,2
1031,Porur,942,2,61.18,2
1032,Porur,1223,2,79.43,2
1034,Porur,1071,2,85.0,2
1035,Porur,1071,2,85.0,2
1036,Porur,965,2,69.47,2
1037,Porur,923,2,66.44,2
1038,Porur,1287,3,92.65,3
1039,Porur,1085,3,78.1,3
1040,Porur,1027,2,73.93,2
1041,Porur,971,2,69.9,2
1042,Porur,966,2,69.54,2
1043,Porur,950,2,66.0,2
1044,Porur,959,2,64.0,2
1045,Porur,1085,3,76.0,3
1046,Pozhichalur,835,2,40.08,2
1047,Pozhichalur,838,2,40.22,2
1048,Pozhichalur,673,2,32.3,2
1049,Pozhichalur,502,1,24.09,1
1050,Pozhichalur,707,2,33.93,2
1051,Pozhichalur,476,1,22.84,1
1052,Pozhichalur,747,2,35.85,2
1053,Pozhichalur,1020,3,50.49,3
1054,Pozhichalur,600,1,29.7,1
1055,Pozhichalur,815,2,40.34,2
1056,Pozhichalur,930,2,46.03,2
1057,Pozhichalur,1000,3,49.5,3
1058,Pozhichalur,690,2,34.15,2
1059,Pozhichalur,975,2,48.26,2
1060,Pozhichalur,800,2,39.6,2
1061,Rajakilpakkam,799,2,43.0,2
1062,Rajakilpakkam,1700,3,95.0,3
1063,Rajakilpakkam,1400,3,78.4,3
1064,Rajakilpakkam,1300,3,72.8,3
1065,Rajakilpakkam,1189,3,66.58,3
1066,Rajakilpakkam,1024,2,57.34,2
1067,Rajakilpakkam,964,2,53.98,2
1068,Rajakilpakkam,826,2,46.25,2
1069,Rajakilpakkam,785,2,43.96,2
1073,Rajakilpakkam,964,2,48.2,2
1074,Rajakilpakkam,900,2,45.0,2
1075,Rajakilpakkam,812,2,40.6,2
1076,Royapettah,994,2,168.0,2
1077,Royapettah,994,2,168.0,2
1078,Royapettah,1440,3,230.0,3
1079,Royapettah,2336,3,385.0,3
1080,Royapettah,4200,3,903.0,3
1081,Royapettah,2961,3,636.0,3
1082,Royapettah,2958,3,635.0,3
1083,Royapettah,2960,4,636.0,4
1084,Royapettah,2957,4,635.0,4
1085,Royapettah,6500,5,1397.0,5
1086,Royapettah,3000,3,645.0,3
1087,Royapettah,3899,3,838.0,3
1088,Royapettah,3135,3,674.0,3
1089,Royapettah,600,1,114.0,1
1090,Royapettah,2959,4,636.0,4
1091,Royapettah,3874,3,832.0,3
1092,Royapettah,6498,5,1397.0,5
1093,Royapettah,3800,3,817.0,3
1094,Royapettah,6617,5,1422.0,5
1095,Royapettah,3139,4,674.0,4
1096,Selaiyur,1760,3,101.0,3
1097,Selaiyur,2544,4,175.0,4
1098,Selaiyur,1030,2,67.32,2
1099,Selaiyur,1030,2,67.32,2
1100,Selaiyur,1226,3,79.71,3
1101,Selaiyur,1226,3,79.71,3
1102,Selaiyur,1030,2,67.32,2
1103,Selaiyur,1030,2,67.32,2
1104,Selaiyur,1226,3,79.71,3
1105,Selaiyur,1226,3,79.71,3
1107,Selaiyur,906,2,43.48,2
1108,Selaiyur,839,2,40.27,2
1132,Selaiyur,905,2,48.87,2
1133,Selaiyur,862,2,46.54,2
1134,Selaiyur,769,2,41.52,2
1135,Selaiyur,818,2,39.26,2
1136,Selaiyur,1269,3,73.6,3
1137,Selaiyur,1191,3,69.07,3
1138,Selaiyur,1070,2,62.06,2
1139,Selaiyur,995,2,57.71,2
1140,Selaiyur,963,2,55.85,2
1141,Selaiyur,894,2,51.85,2
1142,Selaiyur,820,2,47.56,2
1145,Selaiyur,525,1,28.35,1
1146,Sembakkam,1218,3,72.0,3
1147,Sembakkam,960,2,52.5,2
1148,Sembakkam,800,2,44.0,2
1149,Sembakkam,586,1,27.5,1
1150,Sembakkam,586,1,28.0,1
1151,Sembakkam,586,1,28.0,1
1152,Sembakkam,586,1,28.0,1
1153,Sembakkam,586,1,28.0,1
1154,Sembakkam,586,1,28.0,1
1155,Sembakkam,586,1,28.0,1
1156,Sembakkam,586,1,28.0,1
1157,Sembakkam,586,1,28.0,1
1158,Sembakkam,586,1,28.0,1
1159,Sembakkam,586,1,28.0,1
1160,Sembakkam,586,1,28.0,1
1161,Sembakkam,586,1,28.0,1
1162,Sembakkam,586,1,28.0,1
1163,Sembakkam,586,1,28.0,1
1165,Sembakkam,809,2,39.5,2
1166,Sembakkam,809,2,39.5,2
1167,Sembakkam,809,2,39.5,2
1168,Sembakkam,809,2,39.5,2
1169,Sembakkam,809,2,39.5,2
1170,Sembakkam,1020,3,56.1,3
1171,Sembakkam,1100,3,60.5,3
1172,Sembakkam,1117,3,64.78,3
1173,Sembakkam,1400,3,81.2,3
1174,Sembakkam,1400,3,81.2,3
1175,Sembakkam,1291,3,74.87,3
1176,Sembakkam,900,2,52.2,2
1177,Sembakkam,1117,3,64.78,3
1178,Sembakkam,2000,3,120.0,3
1179,Sembakkam,1821,3,100.0,3
1180,Sembakkam,1783,3,95.0,3
1181,Sembakkam,1624,3,90.0,3
1182,Sembakkam,2200,4,140.0,4
1183,Sembakkam,1249,3,73.37,3
1184,Sembakkam,1179,3,69.26,3
1185,Sembakkam,983,2,57.75,2
1186,Sembakkam,861,2,47.94,2
1187,Sembakkam,905,2,54.3,2
1188,Sembakkam,835,2,50.1,2
1191,Sembakkam,981,2,51.01,2
1192,Sembakkam,931,2,48.41,2
1193,Sembakkam,851,2,44.25,2
1194,Sembakkam,800,2,41.6,2
1195,Semmancheri,600,2,27.6,2
1196,Semmancheri,600,2,27.6,2
1197,Semmancheri,700,2,34.0,2
1198,Semmancheri,800,2,39.0,2
1199,Semmancheri,1060,2,47.0,2
1200,Semmancheri,1200,1,46.0,1
1201,Semmancheri,1645,3,77.35,3
1204,Sholinganallur,1004,2,62.75,2
1207,Sholinganallur,1004,2,62.75,2
1214,Sholinganallur,885,2,48.64,2
1216,Sholinganallur,890,2,48.88,2
1217,Sholinganallur,860,2,47.43,2
1218,Sholinganallur,850,2,46.95,2
1219,Sholinganallur,865,2,47.67,2
1221,Sholinganallur,2525,4,138.0,4
1222,Sholinganallur,1365,2,75.07,2
1223,Sholinganallur,1252,2,68.86,2
1225,Sholinganallur,1356,2,74.58,2
1227,Sholinganallur,1171,2,64.4,2
1229,Sholinganallur,1402,2,77.11,2
1230,Sholinganallur,1458,2,80.19,2
1231,Sholinganallur,1285,2,70.67,2
1232,Sholinganallur,2580,4,141.0,4
1236,Sholinganallur,1469,2,80.79,2
1237,Sholinganallur,1264,2,69.52,2
1238,Sholinganallur,1198,2,65.89,2
1239,Sholinganallur,1011,2,63.18,2
1240,Sholinganallur,1011,2,63.18,2
1241,Sholinganallur,877,2,54.81,2
1242,Sholinganallur,877,2,54.81,2
1243,Sholinganallur,1004,2,62.75,2
1244,Sholinganallur,1011,2,63.18,2
1245,Sholinganallur,1004,2,62.75,2
1246,Sholinganallur,877,2,54.81,2
1247,Sholinganallur,1011,2,63.18,2
1248,Sholinganallur,926,2,57.87,2
1249,Sholinganallur,877,2,54.81,2
1250,Sholinganallur,926,2,57.87,2
1251,Sholinganallur,1242,2,63.1,2
1252,Sholinganallur,1242,2,63.1,2
1253,Sholinganallur,604,1,33.71,1
1254,Sholinganallur,603,1,33.66,1
1255,Sholinganallur,1250,2,63.51,2
1256,Sholinganallur,1246,2,63.3,2
1257,Sholinganallur,605,1,33.77,1
1258,Sholinganallur,599,1,33.44,1
1259,Sholinganallur,602,1,33.6,1
1261,Sholinganallur,1237,2,62.85,2
1263,Sholinganallur,1468,2,77.54,2
1264,Sholinganallur,1329,2,70.2,2
1266,Sholinganallur,1351,2,68.64,2
1276,Sholinganallur,1285,2,65.28,2
1277,Sholinganallur,1259,2,63.96,2
1278,Sholinganallur,1270,2,64.52,2
1279,Sholinganallur,1269,2,64.47,2
1282,Sholinganallur,1258,2,56.0,2
1283,Sholinganallur,1708,3,109.0,3
1284,Sholinganallur,919,2,49.0,2
1285,Sholinganallur,1237,2,80.0,2
1286,Sholinganallur,1598,3,97.0,3
1288,Siruseri,1737,3,64.25,3
1289,Siruseri,1640,3,60.66,3
1290,Siruseri,1547,3,57.22,3
1291,Siruseri,1584,3,58.59,3
1292,Siruseri,1487,3,55.0,3
1293,Siruseri,1591,3,58.85,3
1294,Siruseri,600,2,27.0,2
1295,Siruseri,1040,3,39.88,3
1296,Siruseri,1295,2,62.0,2
1297,Siruseri,1655,3,74.47,3
1298,Siruseri,930,2,40.0,2
1299,Siruseri,510,1,23.03,1
1300,Siruseri,824,2,35.02,2
1301,Siruseri,338,1,15.04,1
1302,Siruseri,896,3,38.08,3
1303,Siruseri,764,2,32.98,2
1305,Sithalapakkam,1250,3,64.08,3
1306,Sithalapakkam,1050,2,54.14,2
1308,Sithalapakkam,800,2,39.49,2
1309,Sithalapakkam,1035,2,53.45,2
1310,Sithalapakkam,625,1,29.72,1
1312,Sithalapakkam,660,1,31.28,1
1313,Sithalapakkam,1085,2,55.74,2
1314,Sithalapakkam,1280,2,65.45,2
1315,Sithalapakkam,615,1,29.27,1
1316,Sithalapakkam,1060,2,54.59,2
1317,Sithalapakkam,1015,2,52.54,2
1318,Sithalapakkam,645,1,30.61,1
1319,Sithalapakkam,1065,2,54.82,2
1320,T Nagar,2601,4,455.0,4
1321,T Nagar,3681,4,644.0,4
1322,T Nagar,1520,3,295.0,3
1325,T Nagar,2133,2,362.0,2
1326,T Nagar,2133,3,393.0,3
1327,T Nagar,1484,3,240.0,3
1328,T Nagar,1401,3,245.0,3
1329,T Nagar,2601,3,442.0,3
1330,T Nagar,2601,3,442.0,3
1331,T Nagar,1574,3,244.0,3
1333,T Nagar,1310,3,219.0,3
1335,Thaiyur,1009,2,33.29,2
1337,Thaiyur,1013,2,33.42,2
1338,Thaiyur,605,1,25.0,1
1339,Thaiyur,1552,2,57.4,2
1340,Thaiyur,1700,3,64.6,3
1341,Thaiyur,1552,2,57.4,2
1342,Thaiyur,1700,3,64.6,3
1343,Thaiyur,1050,2,39.88,2
1344,Thaiyur,1001,2,38.02,2
1345,Thaiyur,1246,3,47.33,3
1346,Thaiyur,1061,2,40.3,2
1347,Thaiyur,1328,3,50.45,3
1348,Thaiyur,982,2,37.3,2
1349,Thaiyur,1335,3,50.71,3
1350,Thirumazhisai,885,3,38.0,3
1351,Thirumazhisai,353,1,18.0,1
1352,Thirumazhisai,730,2,31.0,2
1353,Thirumazhisai,849,2,36.0,2
1354,Thirumazhisai,561,2,28.0,2
1355,Thirumazhisai,319,1,16.0,1
1356,Thirumazhisai,300,1,15.36,1
1357,Thirumazhisai,640,1,25.0,1
1358,Thirumazhisai,730,2,28.0,2
1359,Thirumazhisai,849,2,32.0,2
1360,Thirumazhisai,885,3,33.0,3
1361,Thirumullaivoyal,768,2,29.56,2
1362,Thirumullaivoyal,926,3,35.65,3
1363,Thirumullaivoyal,1032,3,39.73,3
1364,Thirumullaivoyal,865,2,33.3,2
1365,Thirumullaivoyal,949,2,36.53,2
1366,Thirumullaivoyal,880,2,33.88,2
1367,Thirumullaivoyal,788,2,29.55,2
1368,Thirumullaivoyal,883,2,33.11,2
1369,Thirumullaivoyal,883,2,33.11,2
1370,Thirumullaivoyal,791,2,29.66,2
1371,Thirumullaivoyal,791,2,29.66,2
1372,Thirumullaivoyal,779,2,29.21,2
1373,Thirumullaivoyal,779,2,29.21,2
1374,Thirumullaivoyal,921,2,34.53,2
1375,Thirumullaivoyal,921,2,34.53,2
1376,Thirumullaivoyal,846,2,31.72,2
1377,Thirumullaivoyal,846,2,31.72,2
1378,Thirumullaivoyal,804,2,30.15,2
1379,Thirumullaivoyal,804,2,30.15,2
1380,Thirumullaivoyal,804,2,30.15,2
1381,Thirumullaivoyal,801,2,30.03,2
1382,Thirumullaivoyal,804,2,30.15,2
1383,Thirumullaivoyal,801,2,30.03,2
1384,Thirumullaivoyal,808,2,30.3,2
1385,Thirumullaivoyal,808,2,30.3,2
1386,Thirumullaivoyal,925,2,34.68,2
1387,Thirumullaivoyal,925,2,34.68,2
1388,Thirumullaivoyal,839,2,31.46,2
1389,Thirumullaivoyal,773,2,28.98,2
1390,Thirumullaivoyal,839,2,31.46,2
1391,Thirumullaivoyal,773,2,28.98,2
1392,Thirumullaivoyal,826,2,30.97,2
1393,Thirumullaivoyal,826,2,30.97,2
1394,Thirumullaivoyal,831,2,31.16,2
1395,Thirumullaivoyal,831,2,31.16,2
1396,Thirumullaivoyal,788,2,29.55,2
1397,Thirumullaivoyal,900,2,35.0,2
1398,Tiruvottiyur,1381,3,65.69,3
1399,Tiruvottiyur,1380,3,65.64,3
1400,Tiruvottiyur,1117,2,53.47,2
1401,Tiruvottiyur,540,1,23.22,1
1403,Tiruvottiyur,586,1,25.19,1
1404,Tiruvottiyur,1064,2,45.75,2
1405,Tiruvottiyur,583,1,25.06,1
1406,Tiruvottiyur,582,1,25.02,1
1407,Tiruvottiyur,1059,2,45.53,2
1408,Tiruvottiyur,1439,3,68.38,3
1409,Tiruvottiyur,1441,3,68.47,3
1410,Tiruvottiyur,1040,2,44.72,2
1411,Tiruvottiyur,1447,3,68.75,3
1412,Tiruvottiyur,1423,3,67.63,3
1413,Tiruvottiyur,1426,3,67.77,3
1414,Tiruvottiyur,1405,3,66.81,3
1415,Tiruvottiyur,1144,2,54.72,2
1416,Tiruvottiyur,1142,2,54.63,2
1417,Tiruvottiyur,1154,2,55.19,2
1418,Tiruvottiyur,1022,2,43.94,2
1419,Tiruvottiyur,1390,3,66.1,3
1420,Tiruvottiyur,1130,2,54.09,2
1421,Tiruvottiyur,550,1,23.65,1
1422,Tiruvottiyur,1394,3,66.3,3
1423,Tiruvottiyur,546,1,23.47,1
1424,Tiruvottiyur,1395,3,66.35,3
1425,Tiruvottiyur,541,1,23.26,1
1426,Tiruvottiyur,544,1,23.39,1
1427,Vadanemmeli,1027,2,70.0,2
1428,Vadanemmeli,1027,2,70.0,2
1429,Vadanemmeli,1027,2,70.0,2
1430,Vadanemmeli,1027,2,70.0,2
1431,Vadanemmeli,1027,2,70.0,2
1432,Vadanemmeli,1027,2,70.0,2
1433,Vadanemmeli,1027,2,70.0,2
1434,Vadanemmeli,1027,2,70.0,2
1435,Vadanemmeli,1027,2,70.0,2
1436,Vadanemmeli,1027,2,70.0,2
1437,Vadanemmeli,1027,2,70.0,2
1438,Vadanemmeli,1027,2,70.0,2
1439,Vadanemmeli,1027,2,70.0,2
1440,Vadanemmeli,1027,2,70.0,2
1441,Vadanemmeli,1027,2,70.0,2
1442,Vadanemmeli,1027,2,70.0,2
1443,Vadanemmeli,1027,2,70.0,2
1444,Vadanemmeli,1027,2,70.0,2
1445,Vadanemmeli,1027,2,70.0,2
1446,Vadanemmeli,1027,2,70.0,2
1447,Vadanemmeli,1027,2,70.0,2
1448,Vadanemmeli,1027,2,70.0,2
1449,Vadanemmeli,1027,2,70.0,2
1450,Vadanemmeli,1027,2,70.0,2
1451,Vadanemmeli,1027,2,70.0,2
1452,Vadanemmeli,1027,2,70.0,2
1454,Vadapalani,1176,2,132.0,2
1455,Vadapalani,1174,2,131.0,2
1457,Vadapalani,1180,2,132.0,2
1462,Vadapalani,1225,2,137.0,2
1463,Vadapalani,1159,2,130.0,2
1466,Vadapalani,1232,2,138.0,2
1469,Vadapalani,1211,2,136.0,2
1471,Vadapalani,1154,2,129.0,2
1474,Vadapalani,1204,2,135.0,2
1476,Vanagaram,920,2,45.99,2
1477,Vanagaram,920,2,45.99,2
1478,Vanagaram,957,2,47.84,2
1479,Vanagaram,957,2,47.84,2
1480,Vanagaram,920,2,45.99,2
1481,Vanagaram,920,2,45.99,2
1482,Vanagaram,957,2,47.84,2
1483,Vanagaram,957,2,47.84,2
1484,Vanagaram,912,2,45.59,2
1485,Vanagaram,912,2,45.59,2
1486,Vanagaram,976,2,48.79,2
1487,Vanagaram,976,2,48.79,2
1488,Vanagaram,925,2,46.24,2
1489,Vanagaram,925,2,46.24,2
1490,Vanagaram,594,1,33.85,1
1491,Vanagaram,588,1,33.51,1
1492,Vanagaram,597,1,34.02,1
1493,Vanagaram,1051,2,57.79,2
1494,Vanagaram,600,2,34.0,2
1495,Vanagaram,1013,2,57.74,2
1496,Vanagaram,1051,2,54.64,2
1497,Vanagaram,1400,3,79.8,3
1498,Vanagaram,1491,3,77.51,3
1499,Vanagaram,1051,2,54.64,2
1500,Vanagaram,1359,3,70.65,3
1501,Vanagaram,1554,3,85.45,3
1502,Velachery,937,2,81.3,2
1503,Velachery,942,2,81.7,2
1504,Velachery,1844,3,200.0,3
1505,Velachery,1028,2,76.0,2
1506,Velachery,1306,2,107.0,2
1507,Velachery,859,2,55.83,2
1508,Velachery,859,2,55.83,2
1509,Velachery,1188,3,100.0,3
1510,Velachery,996,2,84.66,2
1511,Velachery,1010,2,86.0,2
1512,Vengaivasal,1469,3,87.4,3
1513,Vengaivasal,1371,3,81.57,3
1514,Vengaivasal,594,2,35.34,2
1515,Vengaivasal,1484,3,88.29,3
1516,Vengaivasal,591,2,35.16,2
1517,Vengaivasal,598,2,35.58,2
1518,Vengaivasal,601,2,35.75,2
1519,Veppampattu,540,1,19.59,1
1523,Veppampattu,520,1,18.49,1
1524,Veppampattu,900,2,36.0,2
1525,Veppampattu,720,2,26.0,2
1526,Veppampattu,720,2,26.0,2
1527,Veppampattu,720,2,26.0,2
1530,Veppampattu,601,1,22.0,1
1531,Veppampattu,902,2,36.0,2
1532,Veppampattu,1000,2,40.0,2
1533,Veppampattu,900,2,36.0,2
1536,Veppampattu,820,2,30.0,2
1537,Veppampattu,600,1,21.9,1
1538,Veppampattu,600,1,22.0,1
1539,Veppampattu,500,1,16.0,1
1540,Veppampattu,1200,3,45.0,3
1543,Veppampattu,750,2,27.0,2
1544,Veppampattu,720,2,26.0,2
1545,Veppampattu,820,2,30.0,2
1546,Veppampattu,600,1,22.95,1
1547,Veppampattu,601,1,17.9,1
1548,Veppampattu,600,2,24.0,2
1549,Veppampattu,600,1,18.25,1
1550,Veppampattu,700,2,25.9,2
1551,Veppampattu,600,1,22.8,1
1552,Veppampattu,704,2,26.9,2
1555,Veppampattu,703,2,25.99,2
1556,Veppampattu,520,1,19.49,1
1560,Veppampattu,680,2,26.5,2
1562,Veppampattu,600,1,22.5,1
1563,Veppampattu,630,2,22.5,2
1564,Veppampattu,550,1,16.5,1
1565,Veppampattu,600,1,22.75,1
1566,Veppampattu,600,2,22.85,2
1567,Veppampattu,600,1,17.84,1
1570,Veppampattu,720,2,27.0,2
1573,Veppampattu,600,1,21.99,1
1574,Veppampattu,600,1,22.0,1
1575,Veppampattu,800,2,29.0,2
1577,Veppampattu,594,1,23.0,1
1579,Veppampattu,751,2,28.99,2
1580,Veppampattu,701,2,26.99,2
1582,Veppampattu,609,2,22.99,2
1584,Veppampattu,700,2,26.9,2
1585,Veppampattu,700,2,27.0,2
1586,Veppampattu,700,2,25.8,2
1587,Veppampattu,700,2,26.0,2
1588,Veppampattu,600,2,23.0,2
1589,Veppampattu,600,1,22.0,1
1591,Veppampattu,700,2,26.0,2
1592,Veppampattu,725,2,27.0,2
1593,Veppampattu,650,2,25.85,2
1594,Veppampattu,650,2,25.9,2
1595,Veppampattu,700,2,26.5,2
1596,Veppampattu,650,2,26.0,2
1597,Veppampattu,599,1,18.0,1
1605,Veppampattu,603,1,22.25,1
1608,Veppampattu,611,1,18.99,1
1609,Veppampattu,700,2,26.8,2
1610,Veppampattu,600,2,22.8,2
1611,Veppampattu,700,2,26.75,2
1612,Veppampattu,510,1,19.38,1
1613,Veppampattu,1000,2,38.0,2
1614,Veppampattu,600,1,22.8,1
1615,Veppampattu,550,1,20.9,1
1616,Veppampattu,800,2,30.4,2
1617,Veppampattu,650,2,24.7,2
1618,Veppampattu,1200,2,45.6,2
1619,Veppampattu,630,1,23.94,1
1622,Veppampattu,800,2,29.5,2
1623,Veppampattu,800,2,30.0,2
1624,Veppampattu,750,2,27.5,2
1626,Veppampattu,750,2,27.5,2
1627,Veppampattu,750,2,27.5,2
1628,Veppampattu,800,2,30.0,2
1629,Veppampattu,850,2,31.5,2
1630,Veppampattu,900,2,34.0,2
1631,West Mambalam,2650,5,398.0,5
1632,West Mambalam,2650,5,398.0,5
1633,West Mambalam,2650,5,398.0,5
1634,West Mambalam,2650,5,398.0,5
1635,West Mambalam,2650,5,398.0,5
1636,West Mambalam,2650,5,398.0,5
1637,West Mambalam,2650,5,398.0,5
1638,West Mambalam,2650,5,398.0,5
1639,West Mambalam,2650,5,398.0,5
1640,West Mambalam,2650,5,398.0,5
1641,West Mambalam,2650,5,398.0,5
1642,West Mambalam,2650,5,398.0,5
1643,West Mambalam,2650,5,398.0,5
1644,West Mambalam,2650,5,398.0,5
1645,West Mambalam,2650,5,398.0,5
1646,West Mambalam,2650,5,398.0,5
1647,West Mambalam,2650,5,398.0,5
1648,West Mambalam,2650,5,398.0,5
1649,West Mambalam,2650,5,398.0,5
1650,West Mambalam,2650,5,398.0,5
1651,West Mambalam,2650,5,398.0,5
1652,West Mambalam,2650,5,398.0,5
1653,West Mambalam,2650,5,398.0,5
1654,West Mambalam,2650,5,398.0,5
1655,West Mambalam,2650,5,398.0,5
1656,West Mambalam,2650,5,398.0,5
1657,West Mambalam,2650,5,398.0,5
1658,West Mambalam,2650,5,398.0,5
1659,West Mambalam,2650,5,398.0,5
1660,West Mambalam,2650,5,398.0,5
1661,West Mambalam,2650,5,398.0,5
1662,West Mambalam,2650,5,398.0,5
1663,West Mambalam,2650,5,398.0,5
1664,West Mambalam,2650,5,398.0,5
1665,West Mambalam,2650,5,398.0,5
1666,West Mambalam,2650,5,398.0,5
1667,West Mambalam,2650,5,398.0,5
1668,West Mambalam,2650,5,398.0,5
1669,West Mambalam,2650,5,398.0,5
1670,West Mambalam,2650,5,398.0,5
1671,West Mambalam,2650,5,398.0,5
1672,others,2221,3,188.0,3
1673,others,936,3,72.99,3
1676,others,3670,3,330.0,3
1677,others,884,2,48.61,2
1679,others,2221,3,188.0,3
1680,others,1101,3,83.03,3
1683,others,4896,4,440.0,4
1684,others,2221,3,188.0,3
1685,others,2221,3,188.0,3
1698,others,1274,2,64.99,2
1701,others,1280,2,65.3,2
1702,others,1328,2,67.7,2
1705,others,391,1,12.83,1
1706,others,394,1,12.89,1
1707,others,1313,2,72.2,2
1708,others,892,2,49.05,2
1709,others,1178,2,64.77,2
1714,others,5879,5,550.0,5
1715,others,5765,5,550.0,5
1716,others,1112,2,70.0,2
1717,others,1414,3,89.0,3
1718,others,1092,2,69.0,2
1719,others,1358,3,85.0,3
1721,others,900,2,46.0,2
1722,others,1415,3,135.0,3
1723,others,3600,3,370.0,3
1726,others,550,1,52.5,1
1727,others,540,1,26.0,1
1729,others,850,2,75.0,2
1731,others,2640,4,182.0,4
1732,others,850,2,53.0,2
1733,others,850,2,53.0,2
1734,others,905,2,50.0,2
1735,others,1071,2,69.0,2
1737,others,600,2,41.0,2
1738,others,782,1,60.21,1
1739,others,670,2,45.0,2
1742,others,655,2,40.0,2
1743,others,1400,3,100.0,3
1745,others,450,1,15.0,1
1746,others,1253,3,98.0,3
1747,others,997,2,83.0,2
1748,others,1950,3,135.0,3
1750,others,2300,4,160.0,4
1751,others,900,2,65.0,2
1752,others,900,2,65.0,2
1755,others,680,2,40.0,2
1756,others,600,1,19.5,1
1757,others,840,2,45.0,2
1758,others,760,2,40.7,2
1759,others,825,2,47.02,2
1760,others,825,2,47.02,2
1761,others,825,2,47.02,2
1762,others,825,2,47.02,2
1763,others,1400,3,79.8,3
1764,others,4000,4,390.0,4
1766,others,760,2,41.7,2
1767,others,750,2,40.75,2
1770,others,1000,2,55.0,2
1771,others,620,1,35.0,1
1772,others,4361,4,350.0,4
1774,others,1330,2,130.0,2
1776,others,1550,3,147.0,3
1777,others,1150,2,115.0,2
1778,others,1310,2,110.0,2
1779,others,503,1,23.13,1
1783,others,447,1,20.56,1
1784,others,1075,2,57.0,2
1790,others,550,2,43.0,2
1791,others,1238,3,115.0,3
1792,others,652,2,40.0,2
1794,others,2020,3,130.0,3
1795,others,950,3,62.0,3
1796,others,938,2,52.51,2
1797,others,1198,3,67.07,3
1799,others,500,1,18.0,1
1804,others,850,1,28.0,1
1805,others,700,1,25.5,1
1806,others,950,2,54.0,2
1808,others,1390,3,90.0,3
1809,others,1150,2,76.5,2
1810,others,1750,3,150.0,3
1811,others,738,2,42.0,2
1812,others,3000,3,220.0,3
1813,others,2200,4,170.0,4
1814,others,2000,4,164.0,4
1815,others,2210,4,165.0,4
1816,others,611,1,23.25,1
1817,others,1022,2,53.0,2
1819,others,1000,3,90.0,3
1820,others,509,1,47.0,1
1821,others,804,2,52.9,2
1822,others,960,2,82.0,2
1823,others,890,2,77.8,2
1824,others,1000,2,56.0,2
1825,others,854,2,46.97,2
1826,others,957,2,52.63,2
1827,others,940,2,51.7,2
1828,others,874,2,48.07,2
1829,others,856,2,47.08,2
1830,others,978,2,53.79,2
1831,others,996,2,54.78,2
1832,others,1750,2,150.0,2
1833,others,627,1,36.36,1
1834,others,952,2,55.21,2
1835,others,960,2,64.32,2
1836,others,1340,3,138.0,3
1837,others,1175,3,121.0,3
1838,others,1375,3,141.0,3
1839,others,1550,3,159.0,3
1840,others,1555,3,160.0,3
1841,others,1525,3,157.0,3
1842,others,1425,3,146.0,3
1843,others,1560,3,160.0,3
1850,others,997,2,58.7,2
1852,others,920,2,56.0,2
1853,others,771,2,49.34,2
1854,others,709,2,45.37,2
1855,others,1343,2,100.0,2
1856,others,947,2,49.5,2
1857,others,700,2,59.5,2
1858,others,700,2,59.5,2
1859,others,759,2,59.0,2
1860,others,750,2,39.0,2
1861,others,750,2,39.0,2
1862,others,779,2,78.6,2
1863,others,520,1,42.0,1
1864,others,1000,2,82.0,2
1865,others,677,2,37.0,2
1866,others,620,1,35.0,1
1867,others,1385,3,105.0,3
1868,others,1385,3,105.0,3
1870,others,823,2,63.62,2
1871,others,823,2,63.62,2
1872,others,823,2,64.9,2
1873,others,894,2,79.0,2
1874,others,905,2,49.77,2
1875,others,905,2,49.77,2
1877,others,780,2,52.0,2
1880,others,490,1,16.71,1
1882,others,620,1,35.0,1
1884,others,620,1,35.0,1
1887,others,990,1,41.58,1
1888,others,1243,1,72.63,1
1889,others,800,1,36.0,1
1890,others,620,1,35.0,1
1897,others,3485,5,260.0,5
1899,others,420,1,22.0,1
1904,others,900,3,59.0,3
1905,others,818,2,42.5,2
1906,others,818,2,42.5,2
1907,others,818,2,48.5,2
1908,others,922,2,57.5,2
1916,others,1015,2,87.0,2
1918,others,932,2,54.05,2
1919,others,896,2,51.96,2
1920,others,759,2,58.45,2
1921,others,650,1,29.0,1
1922,others,6700,4,430.0,4
1923,others,3700,3,240.0,3
1938,others,1400,3,120.0,3
1939,others,1300,3,110.0,3
1940,others,1065,2,108.0,2
1944,others,1000,2,53.0,2
1946,others,900,1,36.0,1
1947,others,1050,2,54.0,2
1952,others,1126,1,48.0,1
1953,others,954,2,78.0,2
1954,others,804,2,53.0,2
1955,others,509,1,42.0,1
1956,others,1275,3,76.5,3
1957,others,1166,3,69.96,3
1958,others,1000,2,60.0,2
1959,others,700,1,42.0,1
1960,others,829,2,49.74,2
1961,others,1537,3,124.0,3
1962,others,1455,3,117.0,3
1963,others,1530,3,123.0,3
1967,others,690,2,51.06,2
1968,others,1200,3,91.2,3
1969,others,750,2,55.5,2
1970,others,881,2,88.1,2
1971,others,870,2,87.0,2
1976,others,576,1,29.0,1
1978,others,570,1,20.0,1
1980,others,832,2,48.0,2
1981,others,620,1,23.0,1
1985,others,623,1,29.5,1
1999,others,900,2,49.5,2
2002,others,930,2,51.15,2
2003,others,1096,3,65.7,3
2004,others,1020,2,62.0,2
2005,others,700,2,45.0,2
2006,others,800,2,45.0,2
2007,others,1750,4,170.0,4
2015,others,1065,2,108.0,2
2016,others,1065,2,108.0,2
2022,others,800,2,42.0,2
2023,others,1250,3,95.0,3
2024,tambaram west,1800,3,95.0,3
2025,tambaram west,1700,3,90.0,3
2026,tambaram west,1621,3,85.0,3
2027,tambaram west,1180,3,66.08,3
2028,tambaram west,1020,2,57.12,2
2029,tambaram west,930,2,52.08,2
2030,tambaram west,900,2,50.4,2
